<svg xmlns="http://www.w3.org/2000/svg" xmlns:xlink="http://www.w3.org/1999/xlink" viewBox="0 0 10080 5040"><defs><clipPath id="b"><path d="M0 0h6v3H0z"/></clipPath><clipPath id="c"><path d="M0 0v1.5h6V3zm6 0H3v3H0z"/></clipPath><path id="a" d="M0-360l69.421 215.845 212.038-80.301L155.99-35.603l194.985 115.71-225.881 19.651 31.105 224.59L0 160l-156.198 164.349 31.105-224.59-225.881-19.651 194.986-115.711-125.471-188.853 212.038 80.301z"/><path id="e" d="M0-210L54.86-75.508l144.862 10.614L88.765 28.842l34.67 141.052L0 93.334l-123.435 76.56 34.67-141.052-110.957-93.736L-54.86-75.508z"/><use id="d" xlink:href="#a" transform="scale(2.1)"/></defs><path fill="#012169" d="M0 0h10080v5040H0z"/><path d="M0 0l6 3m0-3L0 3" stroke="#fff" stroke-width=".6" clip-path="url(#b)" transform="scale(840)"/><path d="M0 0l6 3m0-3L0 3" stroke="#e4002b" stroke-width=".4" clip-path="url(#c)" transform="scale(840)"/><path d="M2520 0v2520M0 1260h5040" stroke="#fff" stroke-width="840"/><path d="M2520 0v2520M0 1260h5040" stroke="#e4002b" stroke-width="504"/><g fill="#fff"><use xlink:href="#d" x="2520" y="3780"/><use xlink:href="#a" x="7560" y="4200"/><use xlink:href="#a" x="6300" y="2205"/><use xlink:href="#a" x="7560" y="840"/><use xlink:href="#a" x="8680" y="1869"/><use xlink:href="#e" x="8064" y="2730"/></g></svg>